policy,task_error,cat_err,comm_err,rec_lag,compute,safe_mode,high_risk_frac
static_help,0.19108482142857142,0.003334821428571428,0.08515178571428571,0.11753701583113811,2.0349999999999993,0.0,0.02491964285714286
monotone_help,0.19732589285714283,0.0030803571428571425,0.08517857142857142,0.10423087292026363,1.9342206636581027,0.00010714285714285714,0.024879464285714286
cabdi_regime,0.1970357142857143,0.0025892857142857145,0.08400892857142857,0.08552593289617857,1.9384225489429727,0.00014732142857142857,0.025151785714285713
