fd_model,one_step_prediction_error,rollout_error,local_gain_proxy,envelope_violation_rate,out_of_support_warning_rate,admitted
linear_arx,0.03612749810438948,0.05511923546880733,0.61277334777397,0.0,0.0,True
piecewise_affine,0.035006078282948536,0.04203690324469844,0.7054235600658659,0.0,0.0,True
constrained_narx,0.037856362187132744,0.045746862641398676,0.5993105614503704,0.0,0.0,True
