policy,observation_mode,accuracy,catastrophic_risk_proxy,commission_error_proxy,recovery_lag,compute_usage
static-help,behavior_only,0.5355555555555556,1.03,0.42055555555555557,1.8253275109170306,1800.0
monotone-help,behavior_only,0.5994444444444444,0.9011111111111111,0.3511111111111111,1.7373493975903616,1800.0
cabdi-regime-aware,behavior_only,0.47555555555555556,1.14,0,2.056644880174292,1800.0
static-help,behavior_plus_physio,0.5277777777777778,1.03,0.43333333333333335,1.8240343347639485,1800.0
monotone-help,behavior_plus_physio,0.6422222222222222,0.8233333333333334,0.32,1.6262626262626263,1800.0
cabdi-regime-aware,behavior_plus_physio,0.4588888888888889,1.2327777777777778,0,2.178970917225951,1800.0
